<!--
  ~ Copyright (C) 2009-2015 Typesafe Inc. <http://www.typesafe.com>
  -->
<!-- The default logback configuration that Play uses if no other configuration is provided -->
<configuration>

    <conversionRule conversionWord="coloredLevel" converterClass="play.api.Logger$ColoredLevel" />

    <appender name="FILE" class="ch.qos.logback.core.rolling.RollingFileAppender">
        <file>${application.home}/logs/application.log</file>
        <encoder>
           <pattern>%date - [%level] - from %logger in %thread %n%message%n%xException%n</pattern>
        </encoder>

        <rollingPolicy class="ch.qos.logback.core.rolling.TimeBasedRollingPolicy">
            <fileNamePattern>application.%d{yyyy-MM-dd}.log</fileNamePattern>
            <maxHistory>5</maxHistory>
        </rollingPolicy>
    </appender>

    <appender name="STDOUT" class="ch.qos.logback.core.ConsoleAppender">
        <encoder>
            <pattern>%coloredLevel %logger{15} - %message%n%xException{10}</pattern>
        </encoder>
    </appender>

    <appender name="ASYNCFILE" class="ch.qos.logback.classic.AsyncAppender">
        <appender-ref ref="FILE" />
    </appender>

    <appender name="ASYNCSTDOUT" class="ch.qos.logback.classic.AsyncAppender">
        <appender-ref ref="STDOUT" />
    </appender>

    <logger name="play" level="INFO" />
    <logger name="application" level="INFO" />
    <logger name="kafka.manager" level="INFO" />

    <!-- Off these ones as they are annoying, and anyway we manage configuration ourself -->
    <logger name="com.avaje.ebean.config.PropertyMapLoader" level="OFF" />
    <logger name="com.avaje.ebeaninternal.server.core.XmlConfigLoader" level="OFF" />
    <logger name="com.avaje.ebeaninternal.server.lib.BackgroundThread" level="OFF" />
    <logger name="com.gargoylesoftware.htmlunit.javascript" level="OFF" />
    <logger name="org.apache.zookeeper" level="INFO"/>

    <root level="WARN">
        <appender-ref ref="ASYNCFILE" />
        <appender-ref ref="ASYNCSTDOUT" />
    </root>

</configuration>
